power,time
0,8759.0298
1,8759.0298
2,8759.0298
3,8759.0298
4,8759.0298
5,8759.0298
6,8759.0298
7,8759.0298
8,8759.0298
9,8759.0298
10,8759.0298
11,8759.0298
12,8759.0298
13,8759.0298
14,8759.0298
15,8759.0298
16,8759.0298
17,8759.0298
18,8759.0298
19,8759.0298
20,8759.0298
21,8759.0298
22,8759.0298
23,8759.0298
24,8759.0298
25,8759.0298
26,8759.0298
27,8759.0298
28,8759.0298
29,8759.0298
30,8759.0298
31,8759.0298
32,8759.0298
33,8759.0298
34,8759.0298
35,8759.0298
36,8759.0298
37,8759.0298
38,8759.0298
39,8759.0298
40,8759.0298
41,8759.0298
42,8759.0298
43,8759.0298
44,8759.0298
45,8759.0298
46,8759.0298
47,8759.0298
48,8759.0298
49,8759.0298
50,8759.0298
51,8759.0298
52,8759.0298
53,8759.0298
54,8759.0298
55,8759.0298
56,8759.0298
57,8759.0298
58,8759.0298
59,8759.0298
60,8759.0298
61,8759.0298
62,8759.0298
63,8759.0298
64,8759.0298
65,8759.0298
66,8759.0298
67,8759.0298
68,8759.0298
69,8759.0298
70,8759.0298
71,8759.0298
72,8759.0298
73,8759.0298
74,8759.0298
75,8759.0298
76,8759.0298
77,8759.0298
78,8759.0298
79,8759.0298
80,8759.0298
81,8759.0298
82,8759.0298
83,8759.0298
84,8759.0298
85,8759.0298
86,8759.0298
87,8759.0298
88,8759.0298
89,8759.0298
90,8759.0298
91,8759.0298
92,8759.0298
93,8759.0298
94,8759.0298
95,8759.0298
96,8759.0298
97,8759.0298
98,8759.0298
99,8759.0298
100,8759.0298
101,8759.0298
102,8759.0298
103,8759.0298
104,8759.0298
105,8759.0298
106,8759.0298
107,8759.0298
108,8759.0298
109,8759.0298
110,8759.0298
111,8759.0298
112,8759.0298
113,8759.0298
114,8759.0298
115,8759.0298
116,8759.0298
117,8759.0298
118,8759.0298
119,8759.0298
120,8759.0298
121,8759.0298
122,8759.0298
123,8759.0298
124,8759.0298
125,8759.0298
126,8759.0298
127,8759.0298
128,8759.0298
129,8759.0298
130,8759.0298
131,8759.0298
132,8759.0298
133,8759.0298
134,8759.0298
135,8759.0298
136,8759.0298
137,8759.0298
138,8759.0298
139,8759.0298
140,8759.0298
141,8759.0298
142,8759.0298
143,8759.0298
144,8759.0298
145,8759.0298
146,8759.0298
147,8759.0298
148,8759.0298
149,8759.0298
150,8759.0298
151,8759.0298
152,8759.0298
153,8759.0298
154,8759.0298
155,8759.0298
156,8759.0298
157,8759.0298
158,8759.0298
159,8759.0298
160,8759.0298
161,8759.0298
162,8759.0298
163,8759.0298
164,8759.0298
165,8759.0298
166,8759.0298
167,8759.0298
168,8759.0298
169,8759.0298
170,8759.0298
171,8759.0298
172,8759.0298
173,8759.0298
174,8759.0298
175,8759.0298
176,8759.0298
177,8759.0298
178,8759.0298
179,8759.0298
180,8759.0298
181,8759.0298
182,8759.0298
183,8759.0298
184,8759.0298
185,8759.0298
186,8759.0298
187,8759.0298
188,8759.0298
189,8759.0298
190,8759.0298
191,8759.0298
192,8759.0298
193,8759.0298
194,8759.0298
195,8759.0298
196,8759.0298
197,8759.0298
198,8759.0298
199,8759.0298
200,8759.0298
201,8759.0298
202,8759.0298
203,8758.0596
204,8758.0596
205,8758.0596
206,8758.0596
207,8758.0596
208,8758.0596
209,8758.0596
210,8758.0596
211,8758.0596
212,8758.0596
213,8758.0596
214,8758.0596
215,8758.0596
216,8758.0596
217,8758.0596
218,8758.0596
219,8758.0596
220,8758.0596
221,8758.0596
222,8758.0596
223,8758.0596
224,8758.0596
225,8758.0596
226,8758.0596
227,8758.0596
228,8758.0596
229,8758.0596
230,8758.0596
231,8758.0596
232,8758.0596
233,8758.0596
234,8758.0596
235,8758.0596
236,8758.0596
237,8758.0596
238,8758.0596
239,8758.0596
240,8758.0596
241,8758.0596
242,8758.0596
243,8758.0596
244,8758.0596
245,8758.0596
246,8758.0596
247,8758.0596
248,8758.0596
249,8758.0596
250,8758.0596
251,8758.0596
252,8758.0596
253,8758.0596
254,8758.0596
255,8758.0596
256,8758.0596
257,8758.0596
258,8758.0596
259,8758.0596
260,8758.0596
261,8758.0596
262,8758.0596
263,8758.0596
264,8758.0596
265,8758.0596
266,8758.0596
267,8758.0596
268,8758.0596
269,8758.0596
270,8758.0596
271,8758.0596
272,8758.0596
273,8758.0596
274,8758.0596
275,8758.0596
276,8758.0596
277,8758.0596
278,8758.0596
279,8758.0596
280,8758.0596
281,8758.0596
282,8758.0596
283,8758.0596
284,8758.0596
285,8758.0596
286,8758.0596
287,8758.0596
288,8758.0596
289,8758.0596
290,8758.0596
291,8758.0596
292,8758.0596
293,8758.0596
294,8758.0596
295,8758.0596
296,8758.0596
297,8758.0596
298,8758.0596
299,8758.0596
300,8758.0596
301,8758.0596
302,8758.0596
303,8758.0596
304,8758.0596
305,8758.0596
306,8758.0596
307,8758.0596
308,8758.0596
309,8758.0596
310,8758.0596
311,8758.0596
312,8758.0596
313,8758.0596
314,8758.0596
315,8758.0596
316,8758.0596
317,8758.0596
318,8758.0596
319,8758.0596
320,8758.0596
321,8758.0596
322,8758.0596
323,8758.0596
324,8758.0596
325,8758.0596
326,8758.0596
327,8758.0596
328,8758.0596
329,8758.0596
330,8758.0596
331,8758.0596
332,8758.0596
333,8758.0596
334,8758.0596
335,8758.0596
336,8758.0596
337,8758.0596
338,8758.0596
339,8758.0596
340,8758.0596
341,8758.0596
342,8758.0596
343,8758.0596
344,8758.0596
345,8758.0596
346,8758.0596
347,8758.0596
348,8758.0596
349,8758.0596
350,8758.0596
351,8758.0596
352,8758.0596
353,8758.0596
354,8758.0596
355,8758.0596
356,8758.0596
357,8758.0596
358,8758.0596
359,8758.0596
360,8758.0596
361,8758.0596
362,8758.0596
363,8758.0596
364,8758.0596
365,8758.0596
366,8758.0596
367,8758.0596
368,8758.0596
369,8758.0596
370,8758.0596
371,8758.0596
372,8758.0596
373,8758.0596
374,8758.0596
375,8758.0596
376,8758.0596
377,8758.0596
378,8758.0596
379,8758.0596
380,8758.0596
381,8758.0596
382,8758.0596
383,8758.0596
384,8758.0596
385,8758.0596
386,8758.0596
387,8758.0596
388,8758.0596
389,8758.0596
390,8758.0596
391,8758.0596
392,8758.0596
393,8758.0596
394,8758.0596
395,8758.0596
396,8758.0596
397,8758.0596
398,8758.0596
399,8758.0596
400,8758.0596
401,8758.0596
402,8758.0596
403,8758.0596
404,8758.0596
405,8758.0596
406,8758.0596
407,8758.0596
408,8758.0596
409,8757.0894
410,8757.0894
411,8757.0894
412,8757.0894
413,8757.0894
414,8757.0894
415,8756.119200000001
416,8756.119200000001
417,8756.119200000001
418,8756.119200000001
419,8755.149000000001
420,8755.149000000001
421,8755.149000000001
422,8755.149000000001
423,8755.149000000001
424,8755.149000000001
425,8755.149000000001
426,8754.1788
427,8754.1788
428,8754.1788
429,8754.1788
430,8754.1788
431,8754.1788
432,8754.1788
433,8754.1788
434,8754.1788
435,8753.2086
436,8753.2086
437,8753.2086
438,8753.2086
439,8752.2384
440,8752.2384
441,8752.2384
442,8751.2682
443,8751.2682
444,8751.2682
445,8751.2682
446,8751.2682
447,8750.298
448,8750.298
449,8750.298
450,8750.298
451,8748.357600000001
452,8748.357600000001
453,8747.387400000001
454,8747.387400000001
455,8746.4172
456,8745.447
457,8745.447
458,8745.447
459,8744.4768
460,8744.4768
461,8744.4768
462,8743.5066
463,8743.5066
464,8742.5364
465,8742.5364
466,8741.566200000001
467,8740.596000000001
468,8739.625800000002
469,8739.625800000002
470,8738.655600000002
471,8738.655600000002
472,8738.655600000002
473,8737.6854
474,8736.7152
475,8735.745
476,8735.745
477,8734.774800000001
478,8734.774800000001
479,8734.774800000001
480,8734.774800000001
481,8734.774800000001
482,8733.804600000001
483,8733.804600000001
484,8733.804600000001
485,8733.804600000001
486,8732.834400000002
487,8732.834400000002
488,8731.864200000002
489,8729.9238
490,8727.983400000001
491,8726.043000000001
492,8725.072800000002
493,8723.132400000002
494,8721.192000000001
495,8720.221800000001
496,8720.221800000001
497,8719.251600000001
498,8718.281400000002
499,8718.281400000002
500,8717.311200000002
501,8716.341000000002
502,8715.3708
503,8713.4304
504,8712.4602
505,8711.49
506,8710.5198
507,8709.5496
508,8707.6092
509,8706.639000000001
510,8705.6688
511,8702.7582
512,8699.847600000001
513,8696.937
514,8695.9668
515,8694.0264
516,8691.115800000001
517,8689.1754
518,8688.2052
519,8687.235
520,8685.294600000001
521,8683.354200000002
522,8681.4138
523,8679.4734
524,8679.4734
525,8679.4734
526,8678.503200000001
527,8677.533000000001
528,8675.592600000002
529,8674.622400000002
530,8672.682
531,8671.711800000001
532,8670.741600000001
533,8668.801200000002
534,8667.831000000002
535,8666.860800000002
536,8664.9204
537,8663.950200000001
538,8662.980000000001
539,8662.009800000002
540,8661.039600000002
541,8661.039600000002
542,8660.0694
543,8660.0694
544,8659.0992
545,8658.129
546,8655.2184
547,8654.2482
548,8653.278
549,8652.3078
550,8648.427
551,8646.4866
552,8644.5462
553,8641.635600000001
554,8640.6654
555,8638.725
556,8637.7548
557,8637.7548
558,8636.7846
559,8631.9336
560,8629.9932
561,8624.172
562,8622.231600000001
563,8620.291200000001
564,8618.350800000002
565,8614.470000000001
566,8611.559400000002
567,8609.619000000002
568,8608.6488
569,8605.738200000002
570,8601.8574
571,8598.9468
572,8595.066
573,8588.2746
574,8587.3044
575,8586.334200000001
576,8581.4832
577,8578.572600000001
578,8572.751400000001
579,8569.840800000002
580,8569.840800000002
581,8568.870600000002
582,8566.9302
583,8566.9302
584,8565.960000000001
585,8561.109000000002
586,8559.1686
587,8556.258000000002
588,8554.317600000002
589,8552.3772
590,8551.407000000001
591,8550.436800000001
592,8548.4964
593,8547.5262
594,8545.5858
595,8544.615600000001
596,8543.6454
597,8543.6454
598,8541.705
599,8539.7646
600,8535.8838
601,8531.0328
602,8527.152
603,8525.2116
604,8523.271200000001
605,8521.330800000002
606,8517.45
607,8514.539400000001
608,8512.599000000002
609,8509.688400000001
610,8507.748000000001
611,8504.837400000002
612,8503.8672
613,8500.956600000001
614,8497.075800000002
615,8495.135400000001
616,8493.195
617,8488.344000000001
618,8486.4036
619,8483.493
620,8480.582400000001
621,8478.642
622,8476.7016
623,8475.7314
624,8473.791000000001
625,8470.8804
626,8467.9698
627,8464.089000000002
628,8461.1784
629,8458.267800000001
630,8451.476400000001
631,8448.565800000002
632,8447.595600000002
633,8444.685000000001
634,8443.714800000002
635,8442.744600000002
636,8442.744600000002
637,8439.834
638,8437.8936
639,8433.0426
640,8429.1618
641,8423.340600000001
642,8420.43
643,8417.519400000001
644,8413.6386
645,8410.728000000001
646,8406.8472
647,8401.026000000002
648,8396.175000000001
649,8394.234600000002
650,8390.3538
651,8387.443200000002
652,8383.5624
653,8380.6518
654,8375.8008
655,8372.8902
656,8370.9498
657,8369.0094
658,8368.039200000001
659,8363.1882
660,8359.307400000002
661,8355.4266
662,8351.545800000002
663,8346.694800000001
664,8340.873599999999
665,8337.963
666,8336.0226
667,8332.1418
668,8331.1716
669,8330.2014
670,8327.2908
671,8325.3504
672,8320.4994
673,8318.559000000001
674,8316.6186
675,8313.708
676,8311.767600000001
677,8308.857
678,8306.9166
679,8302.065600000002
680,8298.1848
681,8294.304000000002
682,8288.482800000002
683,8285.572199999999
684,8282.6616
685,8279.751
686,8275.8702
687,8272.9596
688,8269.0788
689,8264.2278
690,8263.257599999999
691,8258.4066
692,8256.4662
693,8251.6152
694,8246.7642
695,8240.943000000001
696,8238.0324
697,8236.092
698,8233.181400000001
699,8226.39
700,8223.4794
701,8219.5986
702,8213.777399999999
703,8206.986
704,8202.135
705,8196.3138
706,8192.433
707,8189.5224
708,8180.7906
709,8173.0289999999995
710,8165.2674
711,8157.5058
712,8151.6846000000005
713,8143.923
714,8137.1316
715,8131.3104
716,8126.459400000001
717,8119.668
718,8110.9362
719,8096.3832
720,8090.562
721,8085.711
722,8079.8898
723,8069.2176
724,8061.456
725,8049.8136
726,8043.9924
727,8038.1712
728,8025.5586
729,8014.8864
730,8002.2738
731,7986.7506
732,7976.078399999999
733,7963.4658
734,7951.823399999999
735,7935.33
736,7931.4492
737,7919.806799999999
738,7914.9558
739,7902.3432
740,7893.6114
741,7879.0584
742,7861.5948
743,7849.9524
744,7840.2504
745,7825.6974
746,7811.1444
747,7804.353
748,7793.6808
749,7783.0086
750,7772.3364
751,7761.664199999999
752,7752.9324
753,7736.439
754,7729.647599999999
755,7717.035
756,7708.303199999999
757,7702.482
758,7692.78
759,7685.988600000001
760,7678.227
761,7668.525
762,7655.9124
763,7645.2402
764,7625.8362
765,7607.4024
766,7596.7302
767,7586.058
768,7570.534799999999
769,7561.803
770,7545.3096000000005
771,7532.697
772,7522.995
773,7509.4122
774,7499.7102
775,7490.0082
776,7474.485
777,7460.9022
778,7443.4386
779,7430.826
780,7415.3028
781,7405.6008
782,7392.9882
783,7379.405400000001
784,7366.7928
785,7358.061000000001
786,7337.6867999999995
787,7323.1338000000005
788,7315.3722
789,7302.7596
790,7289.176799999999
791,7271.7132
792,7257.1602
793,7237.7562
794,7227.084
795,7211.560799999999
796,7197.0078
797,7186.3356
798,7174.6932
799,7162.0806
800,7147.527599999999
801,7138.7958
802,7124.2428
803,7110.66
804,7094.1666
805,7078.6434
806,7066.0307999999995
807,7054.3884
808,7039.8354
809,7027.2228000000005
810,7015.5804
811,6998.1168
812,6988.4148
813,6966.100200000001
814,6951.5472
815,6938.9346000000005
816,6928.2624
817,6914.6796
818,6895.2756
819,6883.6332
820,6871.9908
821,6850.6464
822,6837.0636
823,6821.5404
824,6809.898
825,6803.1066
826,6787.5833999999995
827,6768.1794
828,6757.5072
829,6745.8648
830,6733.2522
831,6722.58
832,6706.0866
833,6694.4442
834,6684.7422
835,6673.0998
836,6663.397800000001
837,6648.8448
838,6630.411
839,6613.9176
840,6596.454
841,6578.990400000001
842,6565.4076
843,6554.7354000000005
844,6538.242
845,6527.5698
846,6512.0466
847,6498.4638
848,6479.0598
849,6461.5962
850,6446.073
851,6433.4604
852,6417.9372
853,6404.3544
854,6388.8312000000005
855,6378.159
856,6367.4868
857,6350.993399999999
858,6336.4404
859,6315.0960000000005
860,6299.5728
861,6287.9304
862,6275.317800000001
863,6260.7648
864,6248.1522
865,6225.8376
866,6217.105799999999
867,6208.374
868,6190.9104
869,6172.4766
870,6163.7447999999995
871,6144.3408
872,6130.758
873,6111.354
874,6095.8308
875,6077.397
876,6058.9632
877,6042.4698
878,6034.7082
879,6018.2148
880,6014.334
881,6001.7214
882,5991.0491999999995
883,5974.5558
884,5955.151800000001
885,5946.42
886,5929.9266
887,5909.5524
888,5891.118600000001
889,5876.5656
890,5856.1914
891,5842.6086000000005
892,5831.9364
893,5818.3536
894,5796.039
895,5777.6052
896,5760.1416
897,5742.678
898,5732.0058
899,5716.482599999999
900,5708.7210000000005
901,5694.168
902,5678.6448
903,5661.1812
904,5648.5686000000005
905,5633.0454
906,5619.4626
907,5600.0586
908,5589.3864
909,5570.9526
910,5551.5486
911,5535.055200000001
912,5517.5916
913,5506.919400000001
914,5492.3664
915,5483.6346
916,5457.4392
917,5443.8564
918,5429.3034
919,5409.8994
920,5396.3166
921,5383.704
922,5373.031800000001
923,5359.449
924,5344.896000000001
925,5334.2238
926,5318.7006
927,5302.2072
928,5282.8032
929,5268.2502
930,5256.607800000001
931,5234.2932
932,5211.9786
933,5195.4852
934,5184.813
935,5170.259999999999
936,5154.736800000001
937,5137.2732
938,5131.452
939,5113.0181999999995
940,5097.495
941,5081.9718
942,5066.448600000001
943,5055.7764
944,5035.4022
945,5023.7598
946,5006.296200000001
947,4993.6836
948,4974.2796
949,4954.8756
950,4942.263
951,4926.7398
952,4912.1868
953,4900.544400000001
954,4885.9914
955,4873.3788
956,4856.8854
957,4838.451599999999
958,4821.9582
959,4809.3456
960,4793.8224
961,4780.2396
962,4770.5376
963,4756.9547999999995
964,4739.4912
965,4730.759400000001
966,4716.2064
967,4701.653399999999
968,4687.1004
969,4677.3984
970,4667.6964
971,4651.203
972,4633.7394
973,4623.0672
974,4612.3949999999995
975,4596.871800000001
976,4580.3784
977,4568.736000000001
978,4555.1532
979,4537.689600000001
980,4525.077
981,4496.9412
982,4478.5073999999995
983,4468.8054
984,4457.1630000000005
985,4444.5504
986,4429.0272
987,4408.653
988,4397.980799999999
989,4382.4576
990,4368.8748
991,4358.2026
992,4340.739
993,4332.0072
994,4320.3648
995,4308.7224
996,4294.169400000001
997,4282.527
998,4256.3316
999,4236.9276
1000,4221.3748
1001,4203.9112
1002,4184.5072
1003,4172.8648
1004,4156.3714
1005,4137.9376
1006,4124.3548
1007,4107.8614
1008,4082.6362
1009,4061.2918
1010,4048.6792000000005
1011,4033.156
1012,4014.7222
1013,4002.1096
1014,3983.6758
1015,3972.0334000000003
1016,3955.54
1017,3939.0466000000006
1018,3927.4042
1019,3909.9406
1020,3900.2385999999997
1021,3884.7154
1022,3873.0730000000003
1023,3857.5498
1024,3844.9372000000003
1025,3832.3246
1026,3813.8908
1027,3795.4570000000003
1028,3786.7252
1029,3774.1126000000004
1030,3761.5
1031,3748.8874000000005
1032,3739.1854000000003
1033,3724.6324000000004
1034,3708.139
1035,3687.7648
1036,3678.0627999999997
1037,3668.3608000000004
1038,3658.6588
1039,3646.0461999999998
1040,3629.5527999999995
1041,3615.9700000000003
1042,3602.3872
1043,3589.7745999999997
1044,3580.0726000000004
1045,3569.4004000000004
1046,3555.8176000000003
1047,3545.1454000000003
1048,3531.5626
1049,3521.8606
1050,3506.3374000000003
1051,3493.7248
1052,3480.142
1053,3474.3208000000004
1054,3461.7082
1055,3445.2147999999997
1056,3434.5425999999998
1057,3423.8704
1058,3415.1386
1059,3407.3770000000004
1060,3401.5558
1061,3391.8538
1062,3378.2709999999997
1063,3367.5987999999998
1064,3359.8372
1065,3349.165
1066,3335.5822
1067,3328.7907999999998
1068,3311.3271999999997
1069,3301.6252000000004
1070,3292.8934
1071,3287.0721999999996
1072,3271.549
1073,3263.7874
1074,3253.1152
1075,3238.5622000000003
1076,3222.0688
1077,3206.5456000000004
1078,3196.8436
1079,3182.2906000000003
1080,3171.6184000000003
1081,3149.3037999999997
1082,3143.4826000000003
1083,3130.87
1084,3117.2871999999998
1085,3108.5554
1086,3098.8534
1087,3090.1216000000004
1088,3075.5685999999996
1089,3067.8070000000007
1090,3055.1944000000003
1091,3045.4924
1092,3035.7904
1093,3021.2374
1094,3011.5353999999998
1095,3007.6546
1096,2998.9228000000003
1097,2988.2506000000003
1098,2980.4889999999996
1099,2969.8167999999996
1100,2962.0552
1101,2951.383
1102,2943.6214
1103,2934.8896000000004
1104,2927.1279999999997
1105,2916.4558000000006
1106,2900.9326
1107,2895.1114
1108,2888.3200000000006
1109,2880.5584
1110,2870.8563999999997
1111,2860.1841999999997
1112,2851.4524
1113,2843.6908000000003
1114,2834.959
1115,2831.0782
1116,2822.3464000000004
1117,2813.6146
1118,2801.9722
1119,2792.2702
1120,2780.6278
1121,2768.9854000000005
1122,2755.4026000000003
1123,2745.7006
1124,2736.9688000000006
1125,2730.1774000000005
1126,2717.5648
1127,2708.8330000000005
1128,2702.0416000000005
1129,2691.3693999999996
1130,2679.727
1131,2672.9356
1132,2663.2335999999996
1133,2657.4124
1134,2652.5613999999996
1135,2643.8296
1136,2634.1276
1137,2629.2766
1138,2616.6639999999998
1139,2601.1408
1140,2588.5281999999997
1141,2580.7666
1142,2570.0944
1143,2562.3328
1144,2553.6009999999997
1145,2540.9884
1146,2527.4056
1147,2515.7632000000003
1148,2508.0016000000005
1149,2501.2101999999995
1150,2496.3592
1151,2488.5976
1152,2479.8658000000005
1153,2474.0446
1154,2463.3724
1155,2451.7300000000005
1156,2445.9088
1157,2441.0578000000005
1158,2432.326
1159,2421.6538
1160,2413.8922000000002
1161,2404.1902
1162,2397.3988
1163,2385.7564
1164,2380.9054000000006
1165,2372.1736
1166,2368.2928
1167,2360.5312000000004
1168,2354.71
1169,2347.9186
1170,2342.0974000000006
1171,2331.4251999999997
1172,2324.6338000000005
1173,2315.902
1174,2310.0808000000006
1175,2300.3788000000004
1176,2295.5278000000008
1177,2287.7662
1178,2280.0046
1179,2271.2728000000006
1180,2265.4515999999994
1181,2259.6304
1182,2250.8985999999995
1183,2243.1369999999997
1184,2236.3455999999996
1185,2222.7628
1186,2216.9416
1187,2213.0607999999997
1188,2199.478
1189,2189.776
1190,2181.0442000000003
1191,2171.3422
1192,2164.5508
1193,2153.8786
1194,2148.0573999999997
1195,2145.1467999999995
1196,2140.2958
1197,2135.4448
1198,2129.6236
1199,2121.862
1200,2114.1004000000003
1201,2107.309
1202,2096.6367999999998
1203,2089.8158
1204,2083.9946
1205,2078.1734
1206,2068.4714
1207,2061.68
1208,2056.829
1209,2049.0674
1210,2040.3355999999999
1211,2030.6336
1212,2019.9613999999997
1213,2011.2296
1214,2008.319
1215,2001.5276
1216,1987.9448
1217,1983.0937999999999
1218,1977.2725999999998
1219,1973.3917999999999
1220,1964.6599999999999
1221,1959.809
1222,1950.1069999999997
1223,1940.405
1224,1930.7029999999997
1225,1925.8519999999999
1226,1920.0308
1227,1913.2394
1228,1906.4479999999999
1229,1899.6565999999998
1230,1891.895
1231,1884.1334
1232,1877.3419999999999
1233,1868.6101999999998
1234,1858.9081999999999
1235,1853.0869999999998
1236,1849.2061999999999
1237,1842.4148
1238,1830.7723999999998
1239,1824.9511999999997
1240,1821.0704
1241,1819.1299999999999
1242,1817.1896
1243,1810.3981999999999
1244,1806.5173999999997
1245,1802.6365999999998
1246,1795.8452
1247,1788.0836
1248,1782.2623999999998
1249,1777.4113999999997
1250,1771.5901999999999
1251,1764.7987999999998
1252,1756.0669999999998
1253,1749.2756
1254,1742.4841999999999
1255,1738.6034
1256,1734.7225999999998
1257,1725.9908
1258,1721.1398
1259,1711.4378
1260,1709.4973999999997
1261,1705.6165999999998
1262,1697.855
1263,1693.9741999999999
1264,1686.2125999999998
1265,1680.3913999999997
1266,1674.5701999999999
1267,1668.7489999999998
1268,1665.8383999999999
1269,1657.1065999999998
1270,1649.345
1271,1642.5536
1272,1638.6727999999998
1273,1636.7323999999999
1274,1628.9708
1275,1627.0303999999999
1276,1618.2985999999999
1277,1610.5369999999998
1278,1607.6263999999999
1279,1602.7754
1280,1595.984
1281,1591.1329999999998
1282,1585.3117999999997
1283,1579.4905999999999
1284,1570.7587999999998
1285,1566.878
1286,1564.9375999999997
1287,1560.0865999999999
1288,1557.176
1289,1552.325
1290,1549.4144
1291,1544.5633999999998
1292,1539.7124
1293,1535.8315999999998
1294,1532.921
1295,1528.07
1296,1524.1891999999998
1297,1516.4275999999998
1298,1510.6063999999997
1299,1505.7554
1300,1501.8745999999999
1301,1497.0236
1302,1493.1427999999999
1303,1490.2322
1304,1485.3811999999998
1305,1477.6196
1306,1467.9175999999998
1307,1464.0367999999999
1308,1460.156
1309,1454.3347999999999
1310,1453.3645999999999
1311,1451.4242
1312,1445.6029999999998
1313,1442.6924
1314,1437.8413999999998
1315,1434.9307999999999
1316,1427.1691999999998
1317,1422.3182
1318,1421.348
1319,1419.4075999999998
1320,1415.5267999999999
1321,1408.7354
1322,1405.8247999999999
1323,1400.0035999999998
1324,1398.0631999999998
1325,1393.2121999999997
1326,1388.3611999999998
1327,1385.4506
1328,1384.4804
1329,1382.54
1330,1378.6591999999998
1331,1372.838
1332,1371.8677999999998
1333,1368.9571999999998
1334,1364.1061999999997
1335,1357.3147999999999
1336,1353.434
1337,1349.5531999999998
1338,1342.7617999999998
1339,1339.8511999999998
1340,1332.0896
1341,1331.1193999999998
1342,1330.1491999999998
1343,1328.2087999999999
1344,1325.2982
1345,1320.4471999999998
1346,1318.5067999999999
1347,1315.5961999999997
1348,1314.626
1349,1311.7154
1350,1309.7749999999999
1351,1304.924
1352,1302.9835999999998
1353,1301.0431999999998
1354,1299.1028
1355,1295.2219999999998
1356,1294.2517999999998
1357,1293.2815999999998
1358,1292.3113999999998
1359,1290.371
1360,1288.4306
1361,1283.5796
1362,1279.6988
1363,1274.8477999999998
1364,1271.9371999999998
1365,1268.0563999999997
1366,1267.0861999999997
1367,1264.1756
1368,1260.2948
1369,1255.4437999999998
1370,1254.4735999999998
1371,1251.5629999999999
1372,1247.6822
1373,1243.8014
1374,1238.9504
1375,1237.01
1376,1236.0398
1377,1231.1888
1378,1229.2484
1379,1227.3079999999998
1380,1225.3675999999998
1381,1219.5464
1382,1216.6358
1383,1213.7251999999999
1384,1212.7549999999999
1385,1207.904
1386,1204.9933999999998
1387,1200.1423999999997
1388,1197.2318
1389,1192.3808000000001
1390,1187.5298
1391,1184.6191999999999
1392,1182.6788
1393,1179.7682
1394,1173.9470000000001
1395,1169.096
1396,1166.1854
1397,1160.3642
1398,1157.4536
1399,1154.5430000000001
1400,1152.6026
1401,1151.6324
1402,1146.7814
1403,1143.8708000000001
1404,1142.9006
1405,1138.0496
1406,1136.1092
1407,1134.1688000000001
1408,1132.2284
1409,1129.2882
1410,1127.3478
1411,1125.4074
1412,1122.4968000000001
1413,1120.5564
1414,1119.5862
1415,1118.5864000000001
1416,1115.6758
1417,1112.7651999999998
1418,1110.8247999999999
1419,1107.8845999999999
1420,1105.9442
1421,1103.0336
1422,1100.123
1423,1098.1826
1424,1096.2422
1425,1095.272
1426,1092.3318
1427,1091.3616
1428,1090.3914
1429,1089.4212
1430,1086.5106
1431,1085.5403999999999
1432,1083.6
1433,1080.6894
1434,1075.8384
1435,1072.8981999999999
1436,1069.0174
1437,1065.1366
1438,1063.1961999999999
1439,1060.2559999999999
1440,1056.3752
1441,1053.4646
1442,1050.5244
1443,1049.5542
1444,1046.6436
1445,1045.6734
1446,1044.7032
1447,1043.7033999999999
1448,1042.7332
1449,1041.7630000000001
1450,1038.8524
1451,1034.9124
1452,1032.972
1453,1031.9722
1454,1031.002
1455,1025.1512
1456,1023.1812
1457,1022.211
1458,1017.3600000000001
1459,1016.3602000000001
1460,1015.3900000000001
1461,1014.4198
1462,1010.5094000000001
1463,1009.5391999999999
1464,1008.5394
1465,1006.5989999999999
1466,1004.629
1467,1003.6292000000001
1468,1001.6592
1469,997.7784
1470,994.8381999999999
1471,992.8978000000001
1472,991.9276
1473,988.0172
1474,985.0769999999999
1475,984.0772000000001
1476,983.107
1477,980.1668000000001
1478,978.2264
1479,973.3754
1480,970.4648
1481,968.5244
1482,967.5246000000001
1483,966.5544
1484,965.5842
1485,962.6736
1486,960.7036
1487,959.7334000000001
1488,958.7335999999999
1489,957.7041999999999
1490,957.645
1491,956.6156000000001
1492,955.6158
1493,955.5566000000001
1494,954.5272000000001
1495,952.5572
1496,951.5869999999999
1497,949.617
1498,949.5874
1499,948.6171999999999
1500,948.5876
1501,948.558
1502,946.588
1503,945.5586
1504,944.5588
1505,942.5888000000001
1506,940.6188000000001
1507,939.619
1508,938.5895999999999
1509,937.5898
1510,934.6495999999999
1511,933.5905999999999
1512,930.5912000000001
1513,929.5322000000001
1514,928.5323999999999
1515,928.4732
1516,928.3844
1517,926.3847999999999
1518,922.4744000000001
1519,920.5044
1520,919.4749999999999
1521,918.4456
1522,917.4161999999999
1523,915.4166
1524,913.4762
1525,908.6252
1526,907.6253999999999
1527,906.6256000000001
1528,904.626
1529,904.5964000000001
1530,903.567
1531,902.5672
1532,899.627
1533,897.6274
1534,895.6573999999998
1535,893.6874
1536,892.658
1537,892.6284
1538,890.6584
1539,887.7182
1540,886.7184
1541,884.778
1542,883.7782000000001
1543,883.7782000000001
1544,880.8380000000001
1545,879.8381999999999
1546,878.7792
1547,878.7496
1548,877.7498
1549,877.7202
1550,876.6316
1551,873.6617999999999
1552,869.7217999999999
1553,869.6329999999999
1554,868.6332
1555,867.6038000000001
1556,866.604
1557,865.6338000000001
1558,863.6638
1559,860.6052
1560,858.6055999999999
1561,856.4876
1562,855.4582
1563,854.4288
1564,853.3994
1565,852.3108000000001
1566,850.2816
1567,847.3118
1568,846.3119999999999
1569,845.2529999999999
1570,841.2538000000001
1571,840.1948
1572,840.0764
1573,838.8990000000001
1574,838.8694
1575,835.9291999999999
1576,831.9004
1577,829.8712
1578,829.6936
1579,828.6346
1580,827.6644
1581,825.6944
1582,824.6650000000001
1583,823.6948
1584,823.6652
1585,822.547
1586,822.4878
1587,821.4288
1588,820.3994
1589,820.3402
1590,819.3403999999999
1591,819.3108
1592,818.2813999999998
1593,816.3114
1594,815.282
1595,811.3716
1596,810.3717999999999
1597,808.4313999999999
1598,807.4019999999999
1599,806.3726
1600,805.2839999999999
1601,801.2552000000001
1602,798.2262
1603,797.1967999999999
1604,796.1674
1605,794.1677999999999
1606,792.109
1607,790.0798000000001
1608,788.0802
1609,787.0211999999999
1610,785.9918
1611,784.9328
1612,783.933
1613,780.9336000000001
1614,779.845
1615,778.8156000000001
1616,778.7564000000001
1617,778.6084000000001
1618,777.579
1619,777.4902000000001
1620,777.4014000000001
1621,775.4018
1622,773.4022
1623,772.4024
1624,771.3729999999999
1625,770.3139999999999
1626,767.3145999999999
1627,764.2856
1628,763.2266
1629,762.1676
1630,761.9603999999999
1631,761.8716
1632,760.8718000000001
1633,759.8128
1634,758.8130000000001
1635,757.8132
1636,755.8728
1637,754.8137999999999
1638,753.7844
1639,753.6364000000001
1640,752.5478
1641,750.4298000000001
1642,746.4602
1643,746.3714
1644,745.2828
1645,744.2238
1646,743.1351999999999
1647,742.9576000000001
1648,741.8394
1649,740.81
1650,739.7214
1651,738.6624
1652,738.544
1653,737.485
1654,736.3668
1655,735.3078
1656,734.2783999999999
1657,733.249
1658,731.279
1659,731.131
1660,730.0424
1661,728.9538
1662,727.8652000000001
1663,724.8066
1664,721.7184
1665,718.7189999999999
1666,718.6598
1667,717.5712
1668,717.5415999999999
1669,714.6014
1670,712.5722000000001
1671,709.6024
1672,707.514
1673,706.4846
1674,705.4551999999999
1675,704.3961999999999
1676,703.3668
1677,702.3078
1678,700.3081999999999
1679,699.19
1680,698.1014000000001
1681,697.0128
1682,693.9246
1683,692.8656
1684,692.7767999999999
1685,690.7476
1686,690.6292
1687,689.5702
1688,689.4518
1689,688.3336
1690,688.304
1691,686.2156
1692,684.216
1693,682.1276
1694,681.0093999999999
1695,680.8317999999999
1696,679.7728
1697,679.7136
1698,674.7737999999999
1699,673.5963999999999
1700,672.5373999999999
1701,671.4488
1702,670.3009999999999
1703,669.1236
1704,668.0054
1705,666.8575999999999
1706,664.7988
1707,664.71
1708,663.4734
1709,660.326
1710,659.1189999999999
1711,657.912
1712,656.7642
1713,655.5572
1714,654.3797999999999
1715,654.2022000000001
1716,653.0840000000001
1717,652.8768
1718,652.6104
1719,651.1962
1720,651.0186
1721,649.9004
1722,649.7228
1723,648.427
1724,648.1902
1725,646.8648000000001
1726,646.6872
1727,646.5096000000001
1728,645.1546000000001
1729,644.829
1730,643.474
1731,643.0003999999999
1732,642.6748
1733,641.3198
1734,640.9646
1735,640.4614
1736,639.3728
1737,638.0474
1738,636.9292
1739,635.5742
1740,634.3376000000001
1741,631.9531999999999
1742,630.4502
1743,629.1247999999999
1744,627.8586
1745,626.4444
1746,624.06
1747,622.8825999999999
1748,621.5868
1749,620.2909999999999
1750,618.025
1751,614.7888
1752,611.6117999999999
1753,608.198
1754,606.0504
1755,604.6954
1756,604.429
1757,603.2812
1758,602.9852000000001
1759,601.8078
1760,600.6007999999999
1761,599.3346
1762,597.0093999999999
1763,595.7136
1764,594.1514
1765,592.6188
1766,592.2932000000001
1767,590.9974
1768,589.5536000000001
1769,589.2872
1770,587.8138
1771,587.429
1772,585.1926
1773,582.8378
1774,582.5418
1775,581.2756
1776,579.8318
1777,578.4472
1778,576.9442
1779,576.5594000000001
1780,575.1156
1781,574.8195999999999
1782,573.4646
1783,573.0502
1784,571.6952
1785,571.4288
1786,567.8966
1787,565.5122
1788,565.2754
1789,564.8906000000001
1790,563.5060000000001
1791,562.9732
1792,562.5292000000001
1793,560.9670000000001
1794,558.701
1795,557.2572
1796,556.8132
1797,555.5174
1798,552.2515999999999
1799,550.8966
1800,548.5122
1801,547.2756
1802,546.8316
1803,545.447
1804,543.9736
1805,539.6192
1806,537.294
1807,535.9686
1808,535.5246
1809,534.1696000000001
1810,532.8442
1811,531.3412000000001
1812,530.0749999999999
1813,529.3942000000001
1814,527.98
1815,527.5952
1816,527.2696
1817,525.885
1818,525.293
1819,522.0272
1820,520.7018
1821,520.0506
1822,518.6659999999999
1823,518.1924
1824,517.8372
1825,516.6597999999999
1826,514.2457999999999
1827,510.7432
1828,509.4474
1829,509.09219999999993
1830,507.7372
1831,507.41159999999996
1832,504.96799999999996
1833,503.6426
1834,502.37640000000005
1835,502.0212000000001
1836,498.81460000000004
1837,498.3706
1838,496.83799999999997
1839,495.36460000000005
1840,494.83180000000004
1841,493.3288
1842,491.9442
1843,489.67819999999995
1844,488.2048
1845,487.87919999999997
1846,486.43539999999996
1847,486.02099999999996
1848,483.4886
1849,481.9856
1850,481.51199999999994
1851,480.157
1852,478.7132
1853,476.3584
1854,473.94440000000003
1855,472.6486
1856,469.4124
1857,467.939
1858,467.495
1859,465.8736
1860,464.4298
1861,463.10440000000006
1862,461.7494
1863,460.3352
1864,458.98019999999997
1865,457.3292
1866,457.06280000000004
1867,455.8262
1868,455.2934
1869,453.76079999999996
1870,452.52419999999995
1871,450.962
1872,450.5476
1873,448.9854
1874,447.5416
1875,446.009
1876,445.4466
1877,443.9732
1878,442.76619999999997
1879,441.2928
1880,441.1744
1881,439.8194000000001
1882,439.49379999999996
1883,437.05019999999996
1884,435.488
1885,434.2514
1886,433.7482
1887,433.12659999999994
1888,432.5642
1889,432.12019999999995
1890,430.5284
1891,430.11400000000003
1892,429.78839999999997
1893,429.374
1894,426.75280000000004
1895,425.22020000000003
1896,422.747
1897,421.24399999999997
1898,420.91839999999996
1899,417.5342
1900,416.3272
1901,414.913
1902,412.499
1903,410.996
1904,410.6112
1905,409.16740000000004
1906,408.753
1907,406.2206
1908,404.9248
1909,401.45180000000005
1910,398.91940000000005
1911,398.4162
1912,396.91319999999996
1913,396.5876
1914,396.1436
1915,394.907
1916,393.13759999999996
1917,390.7828
1918,390.3388
1919,388.7766
1920,387.392
1921,386.037
1922,385.7114000000001
1923,384.32679999999993
1924,382.9126
1925,382.587
1926,381.1432
1927,380.64
1928,379.0778
1929,377.6636
1930,376.3382
1931,372.7468
1932,372.066
1933,370.59260000000006
1934,370.267
1935,368.8528
1936,368.37919999999997
1937,366.87620000000004
1938,365.7284
1939,363.2256
1940,361.7818
1941,361.30820000000006
1942,359.86440000000005
1943,359.53880000000004
1944,356.9768
1945,356.6216
1946,355.1186
1947,354.73380000000003
1948,353.1716
1949,351.6094
1950,350.25440000000003
1951,349.7808
1952,348.3666
1953,346.071
1954,343.68660000000006
1955,341.3614
1956,340.8582
1957,340.2958
1958,338.8224
1959,338.43760000000003
1960,336.9938
1961,334.639
1962,333.3728
1963,331.9882
1964,330.4852
1965,328.27840000000003
1966,326.86420000000004
1967,325.45000000000005
1968,325.00600000000003
1969,323.7398
1970,323.4438
1971,321.9704
1972,320.4674
1973,320.1418
1974,317.87579999999997
1975,315.4618
1976,314.9586
1977,313.6332
1978,313.2188
1979,311.71580000000006
1980,311.331
1981,309.50239999999997
1982,308.94
1983,306.70360000000005
1984,306.3484
1985,305.96360000000004
1986,305.49
1987,303.8982
1988,303.57259999999997
1989,303.099
1990,302.6846
1991,302.35900000000004
1992,300.856
1993,300.5896
1994,299.2642
1995,297.9388
1996,296.52459999999996
1997,295.1992
1998,293.4298
1999,292.8378
2000,292.364
2001,290.861
2002,290.269
2003,287.0032
2004,285.5298
2005,283.9972
2006,282.6126
2007,282.1094
2008,280.36960000000005
2009,279.7184
2010,279.3336
2011,277.8898
2012,276.35720000000003
2013,275.00219999999996
2014,273.4696
2015,273.1144
2016,270.6708
2017,269.1974
2018,267.872
2019,266.36899999999997
2020,264.1326
2021,262.6888
2022,261.3634
2023,260.8898
2024,257.5944
2025,256.23940000000005
2026,255.67700000000002
2027,254.14440000000002
2028,253.878
2029,252.52300000000002
2030,251.168
2031,249.81300000000002
2032,248.54680000000002
2033,248.1028
2034,246.6294
2035,245.0376
2036,243.77140000000003
2037,243.4754
2038,242.2092
2039,240.85420000000002
2040,239.3808
2041,238.9664
2042,237.5818
2043,237.197
2044,232.05
2045,230.7542
2046,229.36960000000002
2047,229.04399999999998
2048,227.6594
2049,227.36339999999998
2050,226.88979999999998
2051,226.505
2052,225.1204
2053,224.94279999999998
2054,223.58780000000002
2055,223.0846
2056,221.78879999999998
2057,221.4632
2058,221.1968
2059,219.98979999999997
2060,219.8122
2061,218.54600000000002
2062,218.1316
2063,217.80600000000004
2064,216.59900000000005
2065,216.2734
2066,214.8888
2067,213.71140000000003
2068,210.26799999999997
2069,209.0018
2070,207.7652
2071,207.5876
2072,206.1438
2073,205.907
2074,204.6112
2075,204.16719999999998
2076,202.69379999999998
2077,202.2202
2078,201.92419999999998
2079,200.51000000000002
2080,200.1844
2081,199.50360000000003
2082,199.32600000000002
2083,198.9412
2084,198.5268
2085,197.2902
2086,196.99419999999998
2087,196.7278
2088,195.3136
2089,195.0768
2090,194.692
2091,193.42579999999998
2092,193.1298
2093,191.7156
2094,190.44940000000003
2095,190.33100000000002
2096,190.06459999999998
2097,189.739
2098,188.53199999999998
2099,188.2064
2100,187.96959999999999
2101,187.644
2102,187.4072
2103,186.1706
2104,185.9338
2105,184.638
2106,184.1644
2107,183.9868
2108,182.80939999999998
2109,181.6024
2110,180.33620000000002
2111,180.0106
2112,178.774
2113,177.567
2114,177.3006
2115,176.212
2116,175.9456
2117,175.6792
2118,175.324
2119,175.02800000000002
2120,173.70260000000002
2121,173.3474
2122,172.933
2123,172.637
2124,171.4004
2125,170.223
2126,168.868
2127,167.63139999999999
2128,167.42419999999998
2129,167.0986
2130,165.7732
2131,164.5958
2132,163.32960000000003
2133,163.15200000000002
2134,162.03379999999999
2135,161.7674
2136,161.4714
2137,161.3234
2138,159.9684
2139,159.4948
2140,158.1398
2141,157.90300000000002
2142,157.5774
2143,157.3406
2144,156.10399999999998
2145,155.7192
2146,155.3048
2147,153.9794
2148,153.7426
2149,152.5652
2150,152.4172
2151,151.21020000000001
2152,149.9736
2153,148.8258
2154,148.5002
2155,147.1748
2156,146.9972
2157,145.87900000000002
2158,144.64239999999998
2159,144.3168
2160,144.07999999999998
2161,143.784
2162,143.5768
2163,143.2216
2164,142.1034
2165,141.837
2166,141.7186
2167,141.48180000000002
2168,140.334
2169,140.1268
2170,139.94920000000002
2171,138.6534
2172,138.4462
2173,138.1798
2174,137.032
2175,136.736
2176,135.6178
2177,135.38100000000003
2178,134.174
2179,133.9076
2180,133.73
2181,133.5524
2182,132.3158
2183,132.079
2184,131.8718
2185,131.4574
2186,130.3096
2187,130.1912
2188,129.7768
2189,129.48080000000002
2190,129.2144
2191,128.91840000000002
2192,128.7112
2193,128.3856
2194,128.20800000000003
2195,127.149
2196,127.001
2197,126.85300000000001
2198,126.6754
2199,126.4386
2200,126.2018
2201,125.99459999999999
2202,125.66900000000001
2203,124.4914
2204,123.34359999999998
2205,123.166
2206,121.89979999999998
2207,121.6926
2208,121.5446
2209,121.30779999999999
2210,121.04140000000001
2211,119.77520000000001
2212,119.4496
2213,119.18319999999999
2214,119.09440000000001
2215,118.8872
2216,118.4728
2217,117.3546
2218,116.2068
2219,116.08840000000001
2220,114.8518
2221,113.7336
2222,112.4674
2223,112.1714
2224,110.9052
2225,110.75720000000001
2226,110.5796
2227,109.4022
2228,108.22479999999999
2229,108.0176
2230,107.7808
2231,107.54400000000001
2232,107.3368
2233,107.0704
2234,106.7744
2235,105.6266
2236,105.50819999999999
2237,105.301
2238,104.94579999999999
2239,104.76819999999998
2240,103.6796
2241,102.65020000000001
2242,101.6208
2243,100.4434
2244,99.35479999999998
2245,99.2364
2246,99.0292
2247,98.79239999999999
2248,98.6148
2249,98.46679999999999
2250,98.2892
2251,98.082
2252,97.81559999999999
2253,96.63819999999998
2254,96.431
2255,96.31259999999999
2256,96.1942
2257,95.92779999999999
2258,95.77980000000001
2259,95.48379999999999
2260,95.4246
2261,95.30619999999999
2262,94.0992
2263,93.0106
2264,92.7738
2265,91.62599999999999
2266,91.44839999999999
2267,91.2708
2268,91.18199999999999
2269,89.94539999999999
2270,89.7086
2271,89.5014
2272,89.383
2273,88.3536
2274,88.11680000000001
2275,88.0576
2276,87.7912
2277,86.58419999999998
2278,85.5252
2279,84.407
2280,84.1998
2281,84.0518
2282,83.8742
2283,83.69659999999999
2284,83.4302
2285,83.3118
2286,82.2824
2287,82.1344
2288,82.0456
2289,81.8976
2290,81.80879999999999
2291,81.6608
2292,81.5128
2293,81.39439999999999
2294,81.3056
2295,81.1576
2296,81.0392
2297,79.8322
2298,79.65459999999999
2299,79.50659999999999
2300,79.3882
2301,79.24019999999999
2302,79.1218
2303,79.03299999999999
2304,78.88499999999999
2305,78.64819999999999
2306,78.3522
2307,77.2636
2308,77.1452
2309,76.9676
2310,76.93799999999999
2311,76.87880000000001
2312,76.7012
2313,76.6124
2314,76.46440000000001
2315,76.3756
2316,76.1388
2317,75.99080000000001
2318,74.991
2319,74.9318
2320,74.8134
2321,74.6062
2322,74.5174
2323,73.36959999999999
2324,73.31039999999999
2325,72.1922
2326,72.04419999999999
2327,71.9554
2328,71.92580000000001
2329,71.8666
2330,70.77799999999999
2331,70.60040000000001
2332,70.5708
2333,70.482
2334,70.334
2335,70.1268
2336,69.03819999999999
2337,66.9794
2338,66.7722
2339,66.6834
2340,66.4466
2341,65.4468
2342,65.41720000000001
2343,65.358
2344,65.2692
2345,65.12119999999999
2346,64.0918
2347,64.003
2348,63.9734
2349,63.884600000000006
2350,63.8254
2351,63.677400000000006
2352,62.647999999999996
2353,62.588800000000006
2354,62.5296
2355,62.411199999999994
2356,62.38159999999999
2357,62.352
2358,61.352199999999996
2359,61.293
2360,61.233799999999995
2361,60.1156
2362,59.99719999999999
2363,59.8492
2364,59.760400000000004
2365,59.641999999999996
2366,59.612399999999994
2367,59.5236
2368,59.405199999999994
2369,58.287
2370,58.25739999999999
2371,58.1686
2372,58.050200000000004
2373,57.931799999999996
2374,57.7838
2375,56.7544
2376,56.7248
2377,56.57679999999999
2378,56.5176
2379,55.48819999999999
2380,55.42899999999999
2381,55.251400000000004
2382,54.19239999999999
2383,54.1036
2384,54.074
2385,53.925999999999995
2386,52.867
2387,52.719
2388,52.6302
2389,52.4822
2390,51.364000000000004
2391,51.2752
2392,51.215999999999994
2393,51.1272
2394,50.949600000000004
2395,50.8016
2396,50.7128
2397,50.5352
2398,50.446400000000004
2399,50.357600000000005
2400,50.2984
2401,50.2688
2402,49.1506
2403,49.061800000000005
2404,49.0322
2405,48.88419999999999
2406,48.825
2407,48.7658
2408,48.706599999999995
2409,48.6176
2410,48.5584
2411,48.4992
2412,48.4104
2413,48.3512
2414,48.321600000000004
2415,48.291799999999995
2416,47.2328
2417,47.144
2418,47.0848
2419,46.9958
2420,46.9366
2421,46.84779999999999
2422,46.759
2423,46.699799999999996
2424,45.6704
2425,45.6408
2426,45.5518
2427,45.5222
2428,45.492599999999996
2429,45.463
2430,44.403999999999996
2431,44.3744
2432,44.315200000000004
2433,44.2264
2434,43.1082
2435,43.0192
2436,41.9306
2437,41.812200000000004
2438,40.782799999999995
2439,40.693799999999996
2440,40.575399999999995
2441,39.516400000000004
2442,39.4274
2443,39.397800000000004
2444,39.309
2445,38.309200000000004
2446,38.2796
2447,38.24979999999999
2448,38.2202
2449,37.2204
2450,37.1316
2451,36.0426
2452,35.9834
2453,35.9536
2454,35.92400000000001
2455,35.7462
2456,34.7166
2457,34.687
2458,34.539
2459,34.50920000000001
2460,34.479600000000005
2461,34.45
2462,34.3314
2463,34.3018
2464,34.272
2465,33.242599999999996
2466,33.1832
2467,33.153400000000005
2468,33.094
2469,32.9756
2470,32.8866
2471,32.8274
2472,32.797799999999995
2473,32.6792
2474,32.590199999999996
2475,32.5604
2476,32.5308
2477,32.4418
2478,31.4124
2479,31.264400000000002
2480,31.175600000000003
2481,31.1164
2482,31.086600000000004
2483,31.057000000000002
2484,31.0274
2485,30.9386
2486,30.879200000000004
2487,30.849600000000002
2488,29.849599999999995
2489,29.8196
2490,29.8192
2491,28.819000000000003
2492,28.7892
2493,28.788800000000002
2494,27.788600000000002
2495,27.7292
2496,27.699599999999997
2497,26.669999999999998
2498,26.6698
2499,26.6402
2500,26.64
2501,26.6398
2502,26.580399999999997
2503,26.5504
2504,25.550400000000003
2505,25.491
2506,25.431600000000003
2507,25.4018
2508,25.371799999999997
2509,25.342
2510,25.253
2511,25.2228
2512,24.163200000000003
2513,24.133000000000003
2514,24.1032
2515,24.102800000000002
2516,23.132
2517,23.072400000000002
2518,22.9538
2519,22.8944
2520,22.8644
2521,22.834400000000002
2522,22.8044
2523,22.7448
2524,22.6856
2525,22.537599999999998
2526,22.5078
2527,22.478
2528,22.418400000000002
2529,22.4182
2530,22.3882
2531,22.3584
2532,22.269399999999997
2533,22.2098
2534,21.1802
2535,21.1208
2536,21.0908
2537,21.090600000000002
2538,21.031200000000002
2539,20.9422
2540,20.9124
2541,20.8532
2542,20.8234
2543,20.8234
2544,20.7344
2545,20.7046
2546,20.6744
2547,20.6742
2548,20.6444
2549,20.6442
2550,20.6138
2551,20.5246
2552,20.4058
2553,20.4052
2554,20.3754
2555,20.3454
2556,20.3156
2557,20.286
2558,20.2266
2559,20.1368
2560,20.077199999999998
2561,20.016800000000003
2562,19.986800000000002
2563,19.9568
2564,19.9268
2565,19.8964
2566,19.8366
2567,19.7474
2568,19.717599999999997
2569,19.6874
2570,19.5682
2571,19.538000000000004
2572,19.537200000000002
2573,19.5062
2574,19.506
2575,19.417
2576,19.2976
2577,19.2378
2578,19.2366
2579,19.206400000000002
2580,19.1768
2581,19.1174
2582,19.087400000000002
2583,19.0578
2584,19.0576
2585,19.027
2586,19.026600000000002
2587,18.996399999999998
2588,18.9664
2589,18.966
2590,18.9362
2591,18.936
2592,18.906
2593,18.8466
2594,18.8166
2595,18.698
2596,18.6682
2597,18.608999999999998
2598,18.579
2599,18.549
2600,18.5186
2601,18.3992
2602,18.309600000000003
2603,18.2796
2604,18.2496
2605,18.189999999999998
2606,18.130000000000003
2607,18.070200000000003
2608,18.0106
2609,17.9804
2610,17.950400000000002
2611,17.9202
2612,17.8904
2613,17.801000000000002
2614,17.7706
2615,17.7406
2616,17.7402
2617,17.7392
2618,17.709200000000003
2619,17.7086
2620,17.708000000000002
2621,17.648400000000002
2622,17.5888
2623,17.558999999999997
2624,17.529
2625,17.4988
2626,17.4094
2627,17.3198
2628,17.2896
2629,17.2594
2630,17.258
2631,17.2574
2632,17.2276
2633,17.197400000000002
2634,17.1676
2635,17.1378
2636,17.0786
2637,17.048399999999997
2638,17.0184
2639,17.017400000000002
2640,16.987
2641,16.9266
2642,16.8076
2643,16.807000000000002
2644,16.7766
2645,16.7464
2646,16.716
2647,16.7148
2648,16.6842
2649,16.6542
2650,16.623800000000003
2651,16.593600000000002
2652,16.592799999999997
2653,16.5626
2654,16.532
2655,16.5018
2656,16.4718
2657,16.4418
2658,16.382399999999997
2659,16.3814
2660,16.351
2661,16.3206
2662,16.290200000000002
2663,16.2004
2664,16.1104
2665,16.021
2666,16.0206
2667,15.990199999999998
2668,15.989999999999998
2669,15.901
2670,15.8412
2671,15.752
2672,15.6918
2673,15.6618
2674,15.631799999999998
2675,15.6016
2676,15.5716
2677,15.5414
2678,15.4818
2679,15.4512
2680,15.420800000000002
2681,15.3904
2682,15.3004
2683,15.270199999999999
2684,15.2696
2685,15.209800000000001
2686,15.209
2687,15.1788
2688,15.178
2689,15.147400000000001
2690,15.147200000000002
2691,15.087
2692,15.0274
2693,14.9672
2694,14.936599999999999
2695,14.9354
2696,14.9052
2697,14.904800000000002
2698,14.7562
2699,14.7252
2700,14.694999999999999
2701,14.6646
2702,14.6338
2703,14.602799999999998
2704,14.5722
2705,14.5414
2706,14.481399999999999
2707,14.4808
2708,14.4494
2709,14.358999999999998
2710,14.3278
2711,14.2966
2712,14.265800000000002
2713,14.2346
2714,14.203600000000002
2715,14.2024
2716,14.171800000000001
2717,14.1704
2718,14.168599999999998
2719,14.136
2720,14.1348
2721,14.104199999999999
2722,14.102999999999998
2723,14.071200000000001
2724,14.069600000000001
2725,14.037600000000001
2726,14.036399999999999
2727,14.035200000000001
2728,14.003
2729,14.000800000000002
2730,13.968600000000002
2731,13.965399999999999
2732,13.9632
2733,13.931000000000001
2734,13.9286
2735,13.9252
2736,13.8948
2737,13.8628
2738,13.8322
2739,13.799999999999999
2740,13.7686
2741,13.706399999999999
2742,13.673200000000001
2743,13.6412
2744,13.6096
2745,13.577000000000002
2746,13.514800000000001
2747,13.4838
2748,13.452
2749,13.4202
2750,13.3588
2751,13.267800000000001
2752,13.1772
2753,13.085
2754,13.024400000000002
2755,12.9922
2756,12.9904
2757,12.9596
2758,12.957600000000001
2759,12.926599999999999
2760,12.895399999999999
2761,12.863800000000001
2762,12.802
2763,12.7702
2764,12.736600000000001
2765,12.703199999999999
2766,12.700999999999999
2767,12.6692
2768,12.636400000000002
2769,12.634599999999999
2770,12.601600000000001
2771,12.599
2772,12.5378
2773,12.4758
2774,12.4738
2775,12.4422
2776,12.409400000000002
2777,12.377
2778,12.343800000000002
2779,12.3412
2780,12.3084
2781,12.3064
2782,12.2742
2783,12.2714
2784,12.2392
2785,12.2374
2786,12.144400000000001
2787,12.082200000000002
2788,12.0806
2789,12.078000000000001
2790,12.0456
2791,12.042
2792,12.039000000000001
2793,12.0054
2794,11.943999999999999
2795,11.911200000000001
2796,11.9082
2797,11.8764
2798,11.7852
2799,11.753
2800,11.690800000000001
2801,11.659400000000002
2802,11.656400000000001
2803,11.624
2804,11.591000000000001
2805,11.4694
2806,11.4076
2807,11.3756
2808,11.3726
2809,11.340399999999999
2810,11.308399999999999
2811,11.2752
2812,11.2436
2813,11.239
2814,11.2064
2815,11.2038
2816,11.2016
2817,11.1692
2818,11.1652
2819,11.074
2820,11.042000000000002
2821,11.037600000000001
2822,11.0052
2823,11.002
2824,10.999600000000001
2825,10.9686
2826,10.906199999999998
2827,10.813400000000001
2828,10.781600000000001
2829,10.7792
2830,10.747
2831,10.7448
2832,10.6822
2833,10.650200000000002
2834,10.6186
2835,10.616200000000001
2836,10.5254
2837,10.522400000000001
2838,10.488999999999999
2839,10.456000000000001
2840,10.4524
2841,10.4192
2842,10.386800000000001
2843,10.3254
2844,10.292399999999999
2845,10.290199999999999
2846,10.2574
2847,10.2546
2848,10.191400000000002
2849,10.1582
2850,10.155
2851,10.1228
2852,10.09
2853,10.028
2854,9.9656
2855,9.9338
2856,9.8428
2857,9.8098
2858,9.8068
2859,9.7728
2860,9.74
2861,9.708
2862,9.675799999999999
2863,9.6432
2864,9.611
2865,9.5768
2866,9.575
2867,9.543600000000001
2868,9.54
2869,9.5066
2870,9.4752
2871,9.4416
2872,9.4388
2873,9.4052
2874,9.3724
2875,9.339
2876,9.3352
2877,9.302200000000001
2878,9.270999999999999
2879,9.238
2880,9.2372
2881,9.205
2882,9.2028
2883,9.1402
2884,9.1066
2885,9.0752
2886,9.0718
2887,9.067599999999999
2888,9.0638
2889,9.0608
2890,9.027000000000001
2891,9.0242
2892,9.022
2893,9.0192
2894,8.955400000000001
2895,8.922
2896,8.8592
2897,8.826
2898,8.823799999999999
2899,8.7318
2900,8.7006
2901,8.668
2902,8.605599999999999
2903,8.5724
2904,8.5698
2905,8.537
2906,8.5342
2907,8.471
2908,8.4392
2909,8.3466
2910,8.2834
2911,8.280000000000001
2912,8.2468
2913,8.244599999999998
2914,8.2416
2915,8.2102
2916,8.175199999999998
2917,8.113199999999999
2918,8.110199999999999
2919,8.0766
2920,8.0442
2921,8.012
2922,8.0098
2923,7.977399999999999
2924,7.944799999999999
2925,7.942599999999999
2926,7.909800000000001
2927,7.9064
2928,7.8728
2929,7.840199999999999
2930,7.8082
2931,7.7148
2932,7.7102
2933,7.6772
2934,7.675
2935,7.6424
2936,7.639200000000001
2937,7.606
2938,7.575200000000001
2939,7.5122
2940,7.4794
2941,7.4762
2942,7.4434000000000005
2943,7.4412
2944,7.377800000000001
2945,7.375400000000001
2946,7.3422
2947,7.339599999999999
2948,7.306
2949,7.2724
2950,7.2402
2951,7.237
2952,7.2044
2953,7.142799999999999
2954,7.0806000000000004
2955,7.018799999999999
2956,7.0154
2957,7.0116
2958,6.9786
2959,6.976
2960,6.943200000000001
2961,6.8812
2962,6.849600000000001
2963,6.8172
2964,6.784000000000001
2965,6.723
2966,6.6904
2967,6.657800000000001
2968,6.654800000000001
2969,6.6232
2970,6.6212
2971,6.5882
2972,6.555000000000001
2973,6.5528
2974,6.4914
2975,6.429
2976,6.4256
2977,6.3936
2978,6.3908
2979,6.357600000000001
2980,6.355
2981,6.3196
2982,6.3158
2983,6.2546
2984,6.2522
2985,6.2496
2986,6.2464
2987,6.2126
2988,6.2104
2989,6.2072
2990,6.2044
2991,6.202200000000001
2992,6.1690000000000005
2993,6.1672
2994,6.1352
2995,6.1032
2996,6.070599999999999
2997,6.0386
2998,6.0036000000000005
2999,5.9996
3000,5.9963999999999995
3001,5.9632000000000005
3002,5.959199999999999
3003,5.867999999999999
3004,5.835000000000001
3005,5.8016000000000005
3006,5.7692
3007,5.7658
3008,5.731
3009,5.7265999999999995
3010,5.724
3011,5.6912
3012,5.6578
3013,5.6256
3014,5.5922
3015,5.5898
3016,5.5272
3017,5.4942
3018,5.4622
3019,5.428999999999999
3020,5.3678
3021,5.335
3022,5.303
3023,5.2998
3024,5.2084
3025,5.1762
3026,5.1724000000000006
3027,5.138999999999999
3028,5.1372
3029,5.105
3030,5.072800000000001
3031,5.0406
3032,5.009
3033,5.006
3034,4.973000000000001
3035,4.9392
3036,4.9076
3037,4.9056
3038,4.8740000000000006
3039,4.8418
3040,4.8088
3041,4.806
3042,4.7736
3043,4.771
3044,4.621
3045,4.5892
3046,4.5568
3047,4.5546
3048,4.5222
3049,4.5202
3050,4.5169999999999995
3051,4.5144
3052,4.482
3053,4.4807999999999995
3054,4.448600000000001
3055,4.4452
3056,4.4134
3057,4.4112
3058,4.4094
3059,4.3782
3060,4.377
3061,4.3454
3062,4.3426
3063,4.340400000000001
3064,4.309200000000001
3065,4.307
3066,4.2746
3067,4.2436
3068,4.151199999999999
3069,4.1196
3070,4.0882
3071,4.087
3072,4.0542
3073,4.0526
3074,4.0208
3075,4.0178
3076,3.9848
3077,3.9816000000000003
3078,3.9796000000000005
3079,3.9470000000000005
3080,3.9448000000000003
3081,3.9402000000000004
3082,3.9390000000000005
3083,3.9364000000000003
3084,3.9336
3085,3.9021999999999997
3086,3.9002
3087,3.8983999999999996
3088,3.8658
3089,3.8642
3090,3.8616
3091,3.83
3092,3.8280000000000003
3093,3.7954
3094,3.7638000000000007
3095,3.763000000000001
3096,3.7611999999999997
3097,3.7590000000000003
3098,3.7278
3099,3.7256
3100,3.7239999999999998
3101,3.7218
3102,3.7201999999999997
3103,3.6887999999999996
3104,3.6872
3105,3.6553999999999998
3106,3.6522
3107,3.651
3108,3.62
3109,3.5888
3110,3.5572000000000004
3111,3.555
3112,3.5236
3113,3.4924
3114,3.4906
3115,3.4602000000000004
3116,3.4584
3117,3.4566
3118,3.4542
3119,3.4522000000000004
3120,3.4202
3121,3.4178
3122,3.4149999999999996
3123,3.413
3124,3.3816
3125,3.3506
3126,3.3184
3127,3.287
3128,3.2855999999999996
3129,3.2834000000000003
3130,3.2514
3131,3.2204
3132,3.1888
3133,3.1876
3134,3.157
3135,3.1552000000000002
3136,3.1532
3137,3.1522
3138,3.12
3139,3.1168
3140,3.0846000000000005
3141,3.083
3142,3.0808
3143,3.0792
3144,3.0477999999999996
3145,3.0452000000000004
3146,3.0423999999999998
3147,3.0103999999999997
3148,3.0088
3149,2.9778000000000002
3150,2.9768
3151,2.9456
3152,2.9142
3153,2.8834
3154,2.8811999999999998
3155,2.8492
3156,2.848
3157,2.8174
3158,2.786
3159,2.7838
3160,2.7822
3161,2.7802
3162,2.7788
3163,2.7764
3164,2.7458
3165,2.7439999999999998
3166,2.7432
3167,2.7416
3168,2.7108000000000003
3169,2.7094000000000005
3170,2.7082
3171,2.6764
3172,2.675
3173,2.6732
3174,2.6424000000000003
3175,2.6404
3176,2.6098
3177,2.6082
3178,2.577
3179,2.5751999999999997
3180,2.574
3181,2.5728
3182,2.5414000000000003
3183,2.5398000000000005
3184,2.5384
3185,2.5356
3186,2.5048000000000004
3187,2.5040000000000004
3188,2.5012000000000003
3189,2.4992
3190,2.4974000000000003
3191,2.4954
3192,2.494
3193,2.4918000000000005
3194,2.4906
3195,2.4604
3196,2.4594
3197,2.4584
3198,2.4572000000000003
3199,2.4556
3200,2.454
3201,2.4526
3202,2.4504
3203,2.4194
3204,2.3886
3205,2.3874
3206,2.3558
3207,2.3544
3208,2.3534
3209,2.3518
3210,2.35
3211,2.3184000000000005
3212,2.3162000000000003
3213,2.3144
3214,2.3138000000000005
3215,2.3124000000000002
3216,2.3096
3217,2.279
3218,2.2481999999999998
3219,2.2474
3220,2.2159999999999997
3221,2.1854
3222,2.1538
3223,2.1518
3224,2.1202
3225,2.1192
3226,2.118
3227,2.0869999999999997
3228,2.056
3229,2.0545999999999998
3230,2.053
3231,2.0514
3232,2.05
3233,2.0482
3234,2.0462
3235,2.0154
3236,2.0146
3237,2.0132000000000003
3238,2.0108
3239,2.0096000000000003
3240,1.9792
3241,1.9492000000000003
3242,1.9192
3243,1.8881999999999999
3244,1.8578000000000001
3245,1.8570000000000002
3246,1.8556
3247,1.854
3248,1.8528
3249,1.8518000000000001
3250,1.8506
3251,1.8492
3252,1.8474000000000002
3253,1.8164
3254,1.8150000000000002
3255,1.8142
3256,1.8134000000000001
3257,1.8116
3258,1.8106000000000002
3259,1.8086
3260,1.8082
3261,1.8074
3262,1.7762
3263,1.7458
3264,1.7442
3265,1.7134
3266,1.7122
3267,1.7109999999999999
3268,1.7104
3269,1.6790000000000003
3270,1.6774
3271,1.6760000000000002
3272,1.6752000000000002
3273,1.6452
3274,1.6436000000000002
3275,1.6432
3276,1.6414000000000002
3277,1.6101999999999999
3278,1.58
3279,1.5493999999999999
3280,1.548
3281,1.5470000000000002
3282,1.5458
3283,1.5446
3284,1.5428
3285,1.542
3286,1.512
3287,1.511
3288,1.5104
3289,1.5094
3290,1.5088
3291,1.5078
3292,1.5068
3293,1.506
3294,1.5053999999999998
3295,1.5044
3296,1.5035999999999998
3297,1.4724
3298,1.4712
3299,1.4702000000000002
3300,1.4693999999999998
3301,1.4684
3302,1.4676
3303,1.467
3304,1.4659999999999997
3305,1.4644
3306,1.4624000000000001
3307,1.432
3308,1.4312
3309,1.4300000000000002
3310,1.4298000000000002
3311,1.4294000000000002
3312,1.4282
3313,1.4276
3314,1.4266
3315,1.4260000000000002
3316,1.4244000000000003
3317,1.4234
3318,1.3936000000000002
3319,1.3931999999999998
3320,1.3923999999999999
3321,1.391
3322,1.3904
3323,1.3596
3324,1.3592
3325,1.3286
3326,1.3276
3327,1.327
3328,1.3268
3329,1.3264
3330,1.2959999999999998
3331,1.2948
3332,1.2946
3333,1.294
3334,1.2930000000000001
3335,1.2915999999999999
3336,1.2611999999999999
3337,1.2012
3338,1.1998000000000002
3339,1.1992000000000003
3340,1.1976
3341,1.1678000000000002
3342,1.1676000000000002
3343,1.1672
3344,1.1665999999999999
3345,1.1656
3346,1.1356000000000002
3347,1.135
3348,1.1348
3349,1.1342
3350,1.1338000000000001
3351,1.1328
3352,1.1028
3353,1.1024
3354,1.1019999999999999
3355,1.1012
3356,1.101
3357,1.1008
3358,1.071
3359,1.0706
3360,1.0701999999999998
3361,1.0396
3362,1.0388
3363,1.0378
3364,1.0372000000000001
3365,1.0364
3366,1.0362
3367,1.0356
3368,1.0348
3369,1.0042000000000002
3370,1.004
3371,1.0034
3372,1.0026
3373,1.0018
3374,1.0008000000000001
3375,0.9708
3376,0.9706
3377,0.9695999999999999
3378,0.9692000000000001
3379,0.9392
3380,0.9388
3381,0.9376000000000001
3382,0.9074
3383,0.9067999999999999
3384,0.9066
3385,0.9055999999999998
3386,0.8754000000000001
3387,0.8744000000000001
3388,0.8738000000000001
3389,0.8728
3390,0.8422000000000001
3391,0.8416
3392,0.8412000000000001
3393,0.8406
3394,0.8394
3395,0.8384
3396,0.8378
3397,0.8366
3398,0.8360000000000001
3399,0.8354
3400,0.835
3401,0.8348000000000001
3402,0.8042
3403,0.8036
3404,0.8034
3405,0.8024
3406,0.8019999999999999
3407,0.8016
3408,0.8012
3409,0.8006000000000001
3410,0.8002
3411,0.7998
3412,0.7992
3413,0.7988
3414,0.7986
3415,0.7984
3416,0.7682
3417,0.7676000000000001
3418,0.7672000000000001
3419,0.7666
3420,0.7662
3421,0.7656000000000001
3422,0.7650000000000001
3423,0.7646
3424,0.7346
3425,0.7343999999999999
3426,0.7338
3427,0.7336
3428,0.7334
3429,0.7332000000000001
3430,0.703
3431,0.7028
3432,0.7024
3433,0.7018
3434,0.6711999999999999
3435,0.6706
3436,0.6402000000000001
3437,0.6394000000000001
3438,0.6093999999999999
3439,0.6088
3440,0.608
3441,0.5778000000000001
3442,0.5772
3443,0.5770000000000001
3444,0.5764
3445,0.5466
3446,0.5464
3447,0.5462
3448,0.546
3449,0.5162
3450,0.5156
3451,0.4852
3452,0.48480000000000006
3453,0.48460000000000003
3454,0.48440000000000005
3455,0.4832
3456,0.45320000000000005
3457,0.45299999999999996
3458,0.45199999999999996
3459,0.4518000000000001
3460,0.4516
3461,0.4514
3462,0.4506000000000001
3463,0.4504
3464,0.45020000000000004
3465,0.4202
3466,0.41979999999999995
3467,0.41960000000000003
3468,0.4192
3469,0.41840000000000005
3470,0.4178
3471,0.41740000000000005
3472,0.4172
3473,0.4164
3474,0.4158
3475,0.4156
3476,0.4154
3477,0.41479999999999995
3478,0.38480000000000003
3479,0.38380000000000003
3480,0.3832
3481,0.38280000000000003
3482,0.38260000000000005
3483,0.38239999999999996
3484,0.3822
3485,0.38160000000000005
3486,0.3812
3487,0.381
3488,0.35119999999999996
3489,0.35100000000000003
3490,0.35100000000000003
3491,0.3212
3492,0.321
3493,0.321
3494,0.2912
3495,0.2908
3496,0.2906
3497,0.2606
3498,0.2606
3499,0.2604
3500,0.2604
3501,0.2604
3502,0.26
3503,0.25980000000000003
3504,0.23000000000000004
3505,0.2296
3506,0.22920000000000001
3507,0.229
3508,0.2288
3509,0.22860000000000003
3510,0.228
3511,0.2278
3512,0.19760000000000003
3513,0.19740000000000002
3514,0.19720000000000001
3515,0.19720000000000001
3516,0.16760000000000003
3517,0.16720000000000002
3518,0.16640000000000002
3519,0.166
3520,0.16580000000000003
3521,0.1656
3522,0.16540000000000002
3523,0.165
3524,0.16460000000000002
3525,0.16360000000000002
3526,0.16340000000000002
3527,0.1632
3528,0.1628
3529,0.1628
3530,0.16260000000000002
3531,0.16240000000000002
3532,0.16180000000000003
3533,0.16140000000000002
3534,0.13140000000000002
3535,0.131
3536,0.1308
3537,0.1308
3538,0.13040000000000002
3539,0.1298
3540,0.12960000000000002
3541,0.1292
3542,0.129
3543,0.129
3544,0.12840000000000001
3545,0.1282
3546,0.128
3547,0.128
3548,0.12780000000000002
3549,0.12780000000000002
3550,0.1276
3551,0.127
3552,0.1262
3553,0.1262
3554,0.126
3555,0.1258
3556,0.12560000000000002
3557,0.1254
3558,0.125
3559,0.1244
3560,0.12400000000000001
3561,0.1236
3562,0.1234
3563,0.1232
3564,0.12300000000000001
3565,0.12280000000000002
3566,0.12240000000000001
3567,0.1218
3568,0.1216
3569,0.12140000000000001
3570,0.12060000000000001
3571,0.12040000000000001
3572,0.12040000000000001
3573,0.1202
3574,0.1202
3575,0.11960000000000001
3576,0.11880000000000002
3577,0.1184
3578,0.1184
3579,0.1182
3580,0.11800000000000001
3581,0.1176
3582,0.1174
3583,0.11720000000000001
3584,0.11720000000000001
3585,0.117
3586,0.117
3587,0.1168
3588,0.11660000000000001
3589,0.11660000000000001
3590,0.1164
3591,0.1164
3592,0.11620000000000001
3593,0.1158
3594,0.11560000000000001
3595,0.11480000000000001
3596,0.11460000000000001
3597,0.1142
3598,0.114
3599,0.11380000000000001
3600,0.11359999999999999
3601,0.1128
3602,0.11220000000000001
3603,0.11200000000000002
3604,0.1118
3605,0.11140000000000001
3606,0.111
3607,0.1106
3608,0.11019999999999999
3609,0.11
3610,0.10980000000000001
3611,0.10960000000000002
3612,0.1094
3613,0.10880000000000001
3614,0.1086
3615,0.1084
3616,0.1084
3617,0.1084
3618,0.1082
3619,0.1082
3620,0.1082
3621,0.10779999999999999
3622,0.10740000000000001
3623,0.1072
3624,0.10700000000000001
3625,0.1068
3626,0.10620000000000002
3627,0.10560000000000001
3628,0.10540000000000001
3629,0.1052
3630,0.1052
3631,0.1052
3632,0.105
3633,0.1048
3634,0.10460000000000001
3635,0.10439999999999999
3636,0.10400000000000001
3637,0.1038
3638,0.1036
3639,0.1036
3640,0.1034
3641,0.10300000000000001
3642,0.10220000000000001
3643,0.10220000000000001
3644,0.10200000000000001
3645,0.1018
3646,0.10160000000000001
3647,0.10160000000000001
3648,0.1014
3649,0.10120000000000001
3650,0.10099999999999999
3651,0.1008
3652,0.1008
3653,0.10060000000000001
3654,0.10040000000000002
3655,0.1002
3656,0.1
3657,0.0998
3658,0.0994
3659,0.0994
3660,0.0992
3661,0.099
3662,0.09880000000000001
3663,0.09820000000000001
3664,0.0976
3665,0.09700000000000002
3666,0.09700000000000002
3667,0.0968
3668,0.0968
3669,0.09620000000000001
3670,0.0958
3671,0.09519999999999999
3672,0.09480000000000001
3673,0.09460000000000002
3674,0.0944
3675,0.0942
3676,0.094
3677,0.09380000000000001
3678,0.0934
3679,0.0932
3680,0.09300000000000001
3681,0.0928
3682,0.0922
3683,0.09200000000000001
3684,0.09200000000000001
3685,0.0916
3686,0.0916
3687,0.09140000000000001
3688,0.09140000000000001
3689,0.09120000000000002
3690,0.09120000000000002
3691,0.0908
3692,0.09040000000000001
3693,0.09
3694,0.0898
3695,0.0898
3696,0.08960000000000001
3697,0.08960000000000001
3698,0.0886
3699,0.0884
3700,0.0882
3701,0.08800000000000001
3702,0.08779999999999999
3703,0.0876
3704,0.0874
3705,0.08720000000000001
3706,0.0868
3707,0.0868
3708,0.0866
3709,0.086
3710,0.0858
3711,0.08560000000000001
3712,0.08540000000000002
3713,0.0852
3714,0.085
3715,0.085
3716,0.0848
3717,0.0848
3718,0.0848
3719,0.08460000000000001
3720,0.08460000000000001
3721,0.0844
3722,0.0844
3723,0.0842
3724,0.0842
3725,0.084
3726,0.084
3727,0.084
3728,0.08380000000000001
3729,0.08380000000000001
3730,0.0836
3731,0.0836
3732,0.0836
3733,0.0834
3734,0.0834
3735,0.0834
3736,0.08320000000000001
3737,0.083
3738,0.0828
3739,0.08259999999999999
3740,0.0824
3741,0.08199999999999999
3742,0.0818
3743,0.0816
3744,0.08140000000000001
3745,0.08120000000000001
3746,0.0808
3747,0.0806
3748,0.08040000000000001
3749,0.0802
3750,0.07980000000000001
3751,0.0792
3752,0.0786
3753,0.078
3754,0.0776
3755,0.07740000000000001
3756,0.07740000000000001
3757,0.0772
3758,0.0772
3759,0.077
3760,0.0768
3761,0.0766
3762,0.0762
3763,0.07600000000000001
3764,0.0758
3765,0.0756
3766,0.0756
3767,0.07540000000000001
3768,0.0752
3769,0.0752
3770,0.075
3771,0.075
3772,0.0746
3773,0.0742
3774,0.0742
3775,0.07400000000000001
3776,0.0738
3777,0.0736
3778,0.0734
3779,0.0734
3780,0.0732
3781,0.0732
3782,0.073
3783,0.073
3784,0.0728
3785,0.0728
3786,0.0722
3787,0.0718
3788,0.0718
3789,0.0718
3790,0.0716
3791,0.0716
3792,0.0716
3793,0.0714
3794,0.07100000000000001
3795,0.0708
3796,0.0708
3797,0.07060000000000001
3798,0.07
3799,0.0698
3800,0.0694
3801,0.0692
3802,0.0692
3803,0.069
3804,0.0688
3805,0.068
3806,0.0676
3807,0.0674
3808,0.0674
3809,0.0672
3810,0.067
3811,0.0668
3812,0.0666
3813,0.0666
3814,0.0664
3815,0.0664
3816,0.0664
3817,0.06620000000000001
3818,0.06620000000000001
3819,0.0656
3820,0.0654
3821,0.0654
3822,0.06520000000000001
3823,0.06520000000000001
3824,0.06520000000000001
3825,0.065
3826,0.0646
3827,0.064
3828,0.0638
3829,0.0638
3830,0.0636
3831,0.0636
3832,0.0632
3833,0.063
3834,0.06280000000000001
3835,0.06280000000000001
3836,0.0622
3837,0.0622
3838,0.062000000000000006
3839,0.0618
3840,0.0618
3841,0.0616
3842,0.06140000000000001
3843,0.061000000000000006
3844,0.0608
3845,0.0608
3846,0.06060000000000001
3847,0.06060000000000001
3848,0.060200000000000004
3849,0.06
3850,0.06
3851,0.059800000000000006
3852,0.0596
3853,0.0592
3854,0.0588
3855,0.058600000000000006
3856,0.057999999999999996
3857,0.057800000000000004
3858,0.057800000000000004
3859,0.0576
3860,0.05740000000000001
3861,0.0572
3862,0.057
3863,0.056799999999999996
3864,0.056600000000000004
3865,0.0564
3866,0.0564
3867,0.0562
3868,0.0562
3869,0.05600000000000001
3870,0.0558
3871,0.055600000000000004
3872,0.055600000000000004
3873,0.055400000000000005
3874,0.055200000000000006
3875,0.055
3876,0.055
3877,0.05480000000000001
3878,0.0546
3879,0.054400000000000004
3880,0.054400000000000004
3881,0.0542
3882,0.0542
3883,0.0538
3884,0.0536
3885,0.0534
3886,0.0534
3887,0.0534
3888,0.0534
3889,0.0534
3890,0.053200000000000004
3891,0.053200000000000004
3892,0.053200000000000004
3893,0.053200000000000004
3894,0.05280000000000001
3895,0.0526
3896,0.052199999999999996
3897,0.052000000000000005
3898,0.052000000000000005
3899,0.0514
3900,0.0512
3901,0.051000000000000004
3902,0.050600000000000006
3903,0.0504
3904,0.0504
3905,0.05020000000000001
3906,0.05020000000000001
3907,0.049800000000000004
3908,0.0496
3909,0.049
3910,0.048600000000000004
3911,0.048600000000000004
3912,0.0484
3913,0.0484
3914,0.0484
3915,0.04820000000000001
3916,0.048
3917,0.047599999999999996
3918,0.047599999999999996
3919,0.047400000000000005
3920,0.0472
3921,0.047
3922,0.047
3923,0.0468
3924,0.0466
3925,0.0466
3926,0.0464
3927,0.0464
3928,0.046200000000000005
3929,0.046000000000000006
3930,0.0458
3931,0.045200000000000004
3932,0.045200000000000004
3933,0.045
3934,0.045
3935,0.044800000000000006
3936,0.044800000000000006
3937,0.0446
3938,0.0444
3939,0.044000000000000004
3940,0.0438
3941,0.0438
3942,0.04360000000000001
3943,0.04360000000000001
3944,0.0432
3945,0.0432
3946,0.043
3947,0.043
3948,0.042800000000000005
3949,0.0426
3950,0.0424
3951,0.0424
3952,0.0422
3953,0.0418
3954,0.0414
3955,0.040999999999999995
3956,0.040999999999999995
3957,0.040999999999999995
3958,0.0408
3959,0.0408
3960,0.040600000000000004
3961,0.04020000000000001
3962,0.04
3963,0.0398
3964,0.0396
3965,0.0392
3966,0.039
3967,0.0388
3968,0.0388
3969,0.0386
3970,0.0386
3971,0.0384
3972,0.038200000000000005
3973,0.038200000000000005
3974,0.0378
3975,0.0374
3976,0.0374
3977,0.037200000000000004
3978,0.037200000000000004
3979,0.037000000000000005
3980,0.037000000000000005
3981,0.0368
3982,0.0368
3983,0.0364
3984,0.0364
3985,0.0364
3986,0.0364
3987,0.0362
3988,0.0362
3989,0.0362
3990,0.0362
3991,0.0362
3992,0.036000000000000004
3993,0.036000000000000004
3994,0.0358
3995,0.0356
3996,0.0354
3997,0.0352
3998,0.035
3999,0.035
4000,0.035
4001,0.0348
4002,0.0348
4003,0.0342
4004,0.034
4005,0.0338
4006,0.0336
4007,0.0336
4008,0.0334
4009,0.0334
4010,0.0334
4011,0.0332
4012,0.033
4013,0.0328
4014,0.032600000000000004
4015,0.032600000000000004
4016,0.0322
4017,0.032
4018,0.0318
4019,0.0316
4020,0.031200000000000002
4021,0.031000000000000003
4022,0.0308
4023,0.0308
4024,0.0302
4025,0.03
4026,0.03
4027,0.0298
4028,0.0298
4029,0.0296
4030,0.0294
4031,0.0292
4032,0.028999999999999998
4033,0.028999999999999998
4034,0.0288
4035,0.0286
4036,0.028399999999999998
4037,0.028399999999999998
4038,0.0282
4039,0.028000000000000004
4040,0.027800000000000002
4041,0.027800000000000002
4042,0.027600000000000003
4043,0.027600000000000003
4044,0.026600000000000002
4045,0.026400000000000003
4046,0.0262
4047,0.0262
4048,0.026000000000000002
4049,0.026000000000000002
4050,0.026000000000000002
4051,0.026000000000000002
4052,0.0258
4053,0.0258
4054,0.0256
4055,0.0256
4056,0.025400000000000002
4057,0.025400000000000002
4058,0.025400000000000002
4059,0.0252
4060,0.0252
4061,0.025
4062,0.025
4063,0.025
4064,0.0248
4065,0.0248
4066,0.0246
4067,0.0244
4068,0.023799999999999998
4069,0.0236
4070,0.0234
4071,0.0234
4072,0.0232
4073,0.0232
4074,0.023000000000000003
4075,0.023000000000000003
4076,0.022800000000000004
4077,0.022800000000000004
4078,0.022800000000000004
4079,0.022600000000000002
4080,0.022600000000000002
4081,0.022600000000000002
4082,0.022600000000000002
4083,0.022600000000000002
4084,0.022600000000000002
4085,0.022400000000000003
4086,0.022400000000000003
4087,0.022400000000000003
4088,0.0222
4089,0.0222
4090,0.0222
4091,0.022000000000000002
4092,0.022000000000000002
4093,0.021800000000000003
4094,0.0216
4095,0.0216
4096,0.0216
4097,0.0216
4098,0.021400000000000002
4099,0.021400000000000002
4100,0.021400000000000002
4101,0.021400000000000002
4102,0.021400000000000002
4103,0.0212
4104,0.0212
4105,0.021
4106,0.021
4107,0.021
4108,0.020800000000000003
4109,0.0206
4110,0.0204
4111,0.0204
4112,0.0202
4113,0.02
4114,0.02
4115,0.0198
4116,0.0198
4117,0.0198
4118,0.0198
4119,0.0198
4120,0.0196
4121,0.0196
4122,0.0196
4123,0.0196
4124,0.0194
4125,0.0192
4126,0.019000000000000003
4127,0.0188
4128,0.0188
4129,0.0188
4130,0.018600000000000002
4131,0.0184
4132,0.0182
4133,0.0182
4134,0.018000000000000002
4135,0.018000000000000002
4136,0.018000000000000002
4137,0.018000000000000002
4138,0.0178
4139,0.0178
4140,0.0176
4141,0.0176
4142,0.0176
4143,0.0176
4144,0.0174
4145,0.0174
4146,0.0174
4147,0.0172
4148,0.0172
4149,0.017
4150,0.017
4151,0.0168
4152,0.0166
4153,0.0164
4154,0.0164
4155,0.016200000000000003
4156,0.016200000000000003
4157,0.016
4158,0.0158
4159,0.0158
4160,0.0158
4161,0.0158
4162,0.0158
4163,0.0158
4164,0.015600000000000001
4165,0.015600000000000001
4166,0.015600000000000001
4167,0.015600000000000001
4168,0.0154
4169,0.0154
4170,0.0154
4171,0.0152
4172,0.0152
4173,0.0152
4174,0.015
4175,0.015
4176,0.0148
4177,0.0148
4178,0.0146
4179,0.0146
4180,0.0146
4181,0.0146
4182,0.0144
4183,0.0144
4184,0.0144
4185,0.0144
4186,0.014199999999999999
4187,0.014199999999999999
4188,0.014199999999999999
4189,0.014199999999999999
4190,0.014199999999999999
4191,0.014199999999999999
4192,0.014199999999999999
4193,0.014199999999999999
4194,0.014199999999999999
4195,0.014000000000000002
4196,0.014000000000000002
4197,0.014000000000000002
4198,0.014000000000000002
4199,0.014000000000000002
4200,0.014000000000000002
4201,0.014000000000000002
4202,0.014000000000000002
4203,0.013800000000000002
4204,0.013600000000000001
4205,0.013600000000000001
4206,0.0134
4207,0.0134
4208,0.0134
4209,0.0134
4210,0.0134
4211,0.013200000000000002
4212,0.013200000000000002
4213,0.013200000000000002
4214,0.013200000000000002
4215,0.013200000000000002
4216,0.013200000000000002
4217,0.013000000000000001
4218,0.0128
4219,0.0128
4220,0.0126
4221,0.0124
4222,0.0122
4223,0.0122
4224,0.012
4225,0.012
4226,0.012
4227,0.0118
4228,0.0116
4229,0.0116
4230,0.0116
4231,0.0116
4232,0.0116
4233,0.0116
4234,0.0116
4235,0.011400000000000002
4236,0.011400000000000002
4237,0.011400000000000002
4238,0.011400000000000002
4239,0.011400000000000002
4240,0.011200000000000002
4241,0.011000000000000001
4242,0.0108
4243,0.0106
4244,0.010400000000000001
4245,0.010400000000000001
4246,0.010400000000000001
4247,0.010400000000000001
4248,0.010400000000000001
4249,0.010400000000000001
4250,0.010400000000000001
4251,0.010400000000000001
4252,0.010400000000000001
4253,0.0102
4254,0.0102
4255,0.0102
4256,0.0102
4257,0.0102
4258,0.0102
4259,0.0102
4260,0.0102
4261,0.0102
4262,0.01
4263,0.0098
4264,0.0098
4265,0.0096
4266,0.0096
4267,0.0096
4268,0.0096
4269,0.0094
4270,0.0094
4271,0.0094
4272,0.0094
4273,0.0092
4274,0.0092
4275,0.0092
4276,0.0092
4277,0.009000000000000001
4278,0.0088
4279,0.0086
4280,0.0086
4281,0.0086
4282,0.0086
4283,0.0086
4284,0.0086
4285,0.0086
4286,0.0084
4287,0.0084
4288,0.0084
4289,0.0084
4290,0.0084
4291,0.0084
4292,0.0084
4293,0.0084
4294,0.0084
4295,0.0084
4296,0.0084
4297,0.0082
4298,0.0082
4299,0.0082
4300,0.0082
4301,0.0082
4302,0.0082
4303,0.0082
4304,0.0082
4305,0.0082
4306,0.0082
4307,0.008
4308,0.008
4309,0.008
4310,0.008
4311,0.008
4312,0.008
4313,0.008
4314,0.008
4315,0.008
4316,0.008
4317,0.008
4318,0.0078000000000000005
4319,0.0078000000000000005
4320,0.0078000000000000005
4321,0.0078000000000000005
4322,0.0078000000000000005
4323,0.0076
4324,0.0076
4325,0.0074
4326,0.0074
4327,0.0074
4328,0.0074
4329,0.0074
4330,0.0072
4331,0.0072
4332,0.0072
4333,0.0072
4334,0.0072
4335,0.0072
4336,0.007000000000000001
4337,0.006600000000000001
4338,0.006600000000000001
4339,0.006600000000000001
4340,0.006600000000000001
4341,0.0064
4342,0.0064
4343,0.0064
4344,0.0064
4345,0.0064
4346,0.0062
4347,0.0062
4348,0.0062
4349,0.0062
4350,0.0062
4351,0.0062
4352,0.006
4353,0.006
4354,0.006
4355,0.006
4356,0.006
4357,0.006
4358,0.0058
4359,0.0058
4360,0.0058
4361,0.005600000000000001
4362,0.005600000000000001
4363,0.005600000000000001
4364,0.005600000000000001
4365,0.005600000000000001
4366,0.005600000000000001
4367,0.005600000000000001
4368,0.005600000000000001
4369,0.0054
4370,0.0054
4371,0.0054
4372,0.0054
4373,0.0054
4374,0.0054
4375,0.005200000000000001
4376,0.005200000000000001
4377,0.005200000000000001
4378,0.005200000000000001
4379,0.005
4380,0.005
4381,0.005
4382,0.0048
4383,0.0048
4384,0.0048
4385,0.0048
4386,0.0046
4387,0.0046
4388,0.0046
4389,0.0046
4390,0.0044
4391,0.0044
4392,0.0044
4393,0.0044
4394,0.0044
4395,0.0044
4396,0.0044
4397,0.0044
4398,0.0044
4399,0.0044
4400,0.0044
4401,0.0044
4402,0.0042
4403,0.0042
4404,0.0042
4405,0.0042
4406,0.0042
4407,0.0042
4408,0.0042
4409,0.0042
4410,0.0042
4411,0.0042
4412,0.0042
4413,0.0042
4414,0.0042
4415,0.0042
4416,0.004
4417,0.004
4418,0.004
4419,0.004
4420,0.004
4421,0.004
4422,0.004
4423,0.004
4424,0.0038
4425,0.0038
4426,0.0038
4427,0.0038
4428,0.0038
4429,0.0038
4430,0.0036
4431,0.0036
4432,0.0036
4433,0.0036
4434,0.0034000000000000002
4435,0.0034000000000000002
4436,0.0032
4437,0.0032
4438,0.003
4439,0.003
4440,0.003
4441,0.0028000000000000004
4442,0.0028000000000000004
4443,0.0028000000000000004
4444,0.0028000000000000004
4445,0.0026000000000000003
4446,0.0026000000000000003
4447,0.0026000000000000003
4448,0.0026000000000000003
4449,0.0024
4450,0.0024
4451,0.0022
4452,0.0022
4453,0.0022
4454,0.0022
4455,0.0022
4456,0.002
4457,0.002
4458,0.002
4459,0.002
4460,0.002
4461,0.002
4462,0.002
4463,0.002
4464,0.002
4465,0.0018
4466,0.0018
4467,0.0018
4468,0.0018
4469,0.0018
4470,0.0018
4471,0.0018
4472,0.0018
4473,0.0018
4474,0.0018
4475,0.0018
4476,0.0018
4477,0.0018
4478,0.0016
4479,0.0016
4480,0.0016
4481,0.0016
4482,0.0016
4483,0.0016
4484,0.0016
4485,0.0016
4486,0.0016
4487,0.0016
4488,0.0014000000000000002
4489,0.0014000000000000002
4490,0.0014000000000000002
4491,0.0012
4492,0.0012
4493,0.0012
4494,0.001
4495,0.001
4496,0.001
4497,0.0008
4498,0.0008
4499,0.0008
4500,0.0008
4501,0.0008
4502,0.0008
4503,0.0008
4504,0.0006
4505,0.0006
4506,0.0006
4507,0.0006
4508,0.0006
4509,0.0006
4510,0.0006
4511,0.0006
4512,0.0004
4513,0.0004
4514,0.0004
4515,0.0004
4516,0.0002
4517,0.0002
4518,0.0002
4519,0.0002
4520,0.0002
4521,0.0002
4522,0.0002
4523,0.0002
4524,0.0002
4525,0.0002
4526,0.0002
4527,0.0002
4528,0.0002
4529,0.0002
4530,0.0002
4531,0.0002
4532,0.0002
4533,0.0002
4534,0.0
4535,0.0
4536,0.0
4537,0.0
4538,0.0
4539,0.0
4540,0.0
4541,0.0
4542,0.0
4543,0.0
4544,0.0
4545,0.0
4546,0.0
4547,0.0
4548,0.0
4549,0.0
